"","post.mean","l-95% CI","u-95% CI","eff.samp","pMCMC"
"(Intercept)",3.92240640641647,2.97597389909788,4.86482565324695,68406.4807236043,1.11111111111111e-05
"tem1.isolate.copy.number.scaled",2.07309515369345,1.3951583017697,2.78245968458941,86617.6986424382,1.11111111111111e-05
"tem1.isolate.scaledTRUE",0.971969176708901,0.0440361106393539,1.92185055441871,89152.6143870572,0.0429999999999999
"ampc.promoter.snvAGCTTCTAGGG",0.418618474191303,-0.619912123700487,1.46757223477471,89999.9999999991,0.419866666666667
"ampc.promoter.snvAGCTCCTAGGG",0.852229933340652,-0.812215169062256,2.55827577176387,90963.58588978,0.305888888888889
"ampc.promoter.snvGATTCCTAGGG",0.826715016754577,-1.30411599206855,3.00044239370072,89999.999999999,0.425644444444444
"promoter.snvCGGCGA",0.167674292676069,-0.355846454418497,0.687681208844879,88607.5071183801,0.527355555555556
"promoter.snvTGGCGA",6.04457922471763,4.19602386451152,8.08201735043258,76833.5511854338,1.11111111111111e-05
"promoter.snvTGGCGG",5.84903530846377,3.92501532638562,7.91901420685463,82760.1963029432,1.11111111111111e-05
